{ 
"llista": [ 
    
    { 
        "id" : 0,
        "producte" : "Taronga",
        "id_categoria" : 0,
        "categoria" : "Fruites"
    
    },
    {
        "id" : 1,
        "producte" : "Pollastre",
        "id_categoria" : 1,
        "categoria" : "Carns"
          
    },
    {
        "id" : 2,
        "producte" : "Aigua amb gas",
        "id_categoria" : 2,
        "categoria" : "Begudes"
          
    },
    {
        "id" : 3,
        "producte" : "Coliflor",
        "id_categoria" : 3,
        "categoria" : "Verdures"
          
    }




],
"categories": [

    
    { 
        "id" : 0,
        "categoria" : "Fruites"
    
    },
    {
        "id" : 1,
        "categoria" : "Carns"
          
    },
    {
        "id" : 2,
        "categoria" : "Begudes"
          
    },
    {
        "id" : 3,
        "categoria" : "Verdures"
          
    }


],
"persones": 
[    
    {
        "nom": "Alicia",
        "edat": 14
    },
    {
        "nom": "Esther",
        "edat": 65
    },
    {
        "nom": "Joan",
        "edat": 21
    },
    {
        "nom": "Pere",
        "edat": 78
    }
],
"usuaris":
[
    {
       "id": 0,
       "nom": "Alicia",
       "password": "1234"
    },	
    {
       "id": 1,
       "nom": "Maria",
       "password": "5678"
    },
    {
       "id": 2,
       "nom": "Joan",
       "password": "maletin"
    },
    {
       "id": 3,
       "nom": "Robert",
       "password": "0000"
    }

]
}
    
    
    
    
    